0,1,2,3,4,5,6,7
0.93462527,1.6071534,0.91368514,1.0588807,0.17806897,0.01786071,0.8364032,0.7937838
0.9307485,1.6116146,0.9142796,1.0581722,0.1781317,0.017854217,0.8349442,0.79256284
0.92569137,1.6157727,0.91578835,1.0597852,0.17814198,0.017900746,0.8336274,0.7919825
0.9207977,1.6192197,0.913098,1.0595227,0.1781732,0.017875863,0.8313659,0.7907441
0.916412,1.6189772,0.914106,1.0567534,0.1780724,0.017795935,0.83034074,0.7905633
0.9183367,1.6227643,0.9144111,1.0598073,0.17811106,0.017758097,0.83071184,0.7913804
0.91684127,1.6251149,0.9149386,1.0573971,0.17808862,0.01767429,0.83022976,0.79079294
0.9175734,1.6260959,0.91393024,1.0581102,0.17811835,0.01752352,0.8297113,0.7909083
0.91550976,1.6215605,0.9128544,1.054843,0.17804655,0.017550308,0.82516503,0.7904234
0.91601056,1.6168388,0.9143653,1.0495754,0.17816399,0.01767975,0.8217052,0.78987724
0.91367036,1.6116025,0.9111577,1.0458686,0.17822874,0.017607693,0.818013,0.78796744
0.91014963,1.609992,0.91054237,1.0433604,0.17826271,0.017576834,0.81652534,0.78710324
0.90575874,1.6118884,0.90780276,1.0434226,0.17820117,0.017449126,0.81127137,0.7856111
0.9003507,1.6060687,0.9039439,1.0398031,0.1780101,0.017424852,0.8053808,0.7849447
0.89754444,1.606386,0.90013576,1.0380698,0.17811787,0.01729919,0.8033294,0.78438383
0.8957532,1.5991495,0.89819854,1.0346134,0.17809117,0.017320275,0.8017911,0.7840942
0.8944262,1.5941163,0.8949671,1.0315828,0.17816827,0.017299654,0.79884034,0.78288984
0.8933521,1.5932556,0.89392334,1.0327414,0.1780463,0.017322976,0.7967504,0.782617
0.8949977,1.5915673,0.8955579,1.0305202,0.17800093,0.017305467,0.79508555,0.7828948
0.89852375,1.5953224,0.89807504,1.032197,0.17810595,0.017285986,0.7971842,0.7833786
0.9004029,1.5938323,0.90012336,1.0311201,0.17802504,0.01731139,0.7972355,0.78343046
0.89920175,1.5918013,0.8986029,1.0311826,0.17800944,0.017448125,0.79945195,0.78220016
0.8984776,1.595037,0.9020535,1.0340841,0.17801371,0.017594017,0.8009574,0.78389096
0.8966517,1.5914322,0.900753,1.0319498,0.17799652,0.01771928,0.80260295,0.78363067
0.8950521,1.5931895,0.90062857,1.0330973,0.1780527,0.017872632,0.80363286,0.7841165
0.89379996,1.5915077,0.8991477,1.0312177,0.1781627,0.018013457,0.8034995,0.7832621
0.8948051,1.5918255,0.8996547,1.0333773,0.17831232,0.018088773,0.80338925,0.7838115
0.89508694,1.591594,0.8972888,1.0354846,0.17835492,0.018082954,0.8027005,0.7837185
0.89833945,1.5914327,0.8969541,1.0410409,0.17843562,0.018206254,0.80652726,0.7853275
0.8976316,1.5969334,0.8974094,1.045657,0.17841294,0.018214472,0.8056288,0.78553176
0.8969607,1.5996377,0.8962382,1.0442502,0.17841102,0.018318404,0.8050964,0.7849536
0.8953409,1.6009853,0.8957648,1.0457476,0.17844443,0.018481081,0.80470914,0.7853543
0.89137226,1.5961555,0.8932543,1.0426065,0.17848898,0.018653866,0.8028076,0.78454244
0.8908549,1.592722,0.8921714,1.0433925,0.17843543,0.018728185,0.8031114,0.7849778
0.89351946,1.5938842,0.89132756,1.0426484,0.17851333,0.018772423,0.80728376,0.78544235
0.8922147,1.5898075,0.89367265,1.037804,0.17852461,0.018800352,0.80502546,0.78476053
0.89514256,1.5860407,0.8916228,1.0383244,0.17848349,0.018841024,0.80418795,0.78359747
0.8972317,1.5901915,0.893045,1.038653,0.17845285,0.018913649,0.80246377,0.7839203
0.89976233,1.5914698,0.89233154,1.0411159,0.178453,0.018816568,0.80432487,0.7839687
0.8991467,1.5961648,0.8939756,1.041137,0.17845352,0.018698633,0.8035763,0.7843891
0.899585,1.5992255,0.8950232,1.0403532,0.17846678,0.018630866,0.8047514,0.7842819
0.89879,1.6012973,0.89549935,1.0394003,0.17855716,0.018488847,0.80315244,0.7848821
0.8987205,1.5990633,0.89862716,1.0381436,0.17857161,0.018436592,0.8012346,0.78426445
0.9013377,1.5964265,0.8986589,1.0372072,0.17862536,0.018548109,0.80324805,0.78553843
0.8973249,1.5891026,0.89661264,1.0308315,0.17863624,0.018575303,0.7953864,0.7827117
0.8991312,1.5871924,0.8944627,1.0307819,0.17863429,0.01862384,0.79692316,0.78128797
0.8979243,1.5856413,0.89388084,1.0309029,0.17864388,0.018604428,0.7950264,0.78041935
0.8980139,1.5864208,0.8929128,1.0320969,0.17865968,0.01851121,0.7951299,0.77956474
0.8952062,1.5858215,0.8886673,1.0341226,0.17861551,0.018509394,0.7948443,0.7788451
0.8924729,1.587647,0.8868815,1.034485,0.17861336,0.018452112,0.79612416,0.77775925
0.88792396,1.5860378,0.8857047,1.0315002,0.17867264,0.018447177,0.7957404,0.77702206
0.8883413,1.5807817,0.886417,1.0281444,0.17862742,0.018435255,0.7940595,0.776968
0.8874301,1.5797837,0.8874738,1.0268388,0.17852634,0.018464178,0.7944676,0.77679485
0.8863633,1.5758054,0.8868609,1.0244892,0.17851952,0.018415973,0.79130644,0.77659005
0.8847433,1.5763607,0.88549423,1.0230405,0.17857796,0.018405724,0.79008937,0.775461
0.8806872,1.5741988,0.88375175,1.0196465,0.17855829,0.018306304,0.78767824,0.7733733
0.8862618,1.573402,0.88394976,1.0228549,0.17852765,0.018352427,0.79332113,0.77486026
0.8841349,1.5721568,0.88550276,1.0256789,0.17848578,0.018386185,0.794853,0.7749163
0.8874596,1.5676066,0.88437444,1.0280912,0.17843445,0.01853913,0.79906344,0.775197
0.8876718,1.5671962,0.88837093,1.0309066,0.17835107,0.01873086,0.8014038,0.774613
0.89068395,1.5650648,0.88922983,1.031562,0.17835571,0.018911643,0.8025513,0.7753632
0.8931471,1.5632623,0.89163357,1.0296361,0.17831242,0.01906033,0.8052628,0.775359
0.8942801,1.56107,0.89132696,1.0291567,0.17840183,0.019137308,0.8063548,0.7757689
0.8958228,1.5611699,0.89085907,1.0330977,0.17839654,0.019308466,0.80596197,0.77393484
0.88975984,1.560299,0.8911973,1.0303915,0.17838767,0.019361172,0.8027615,0.7717167
0.89196366,1.5595999,0.88823324,1.0284669,0.17840748,0.019346036,0.80309254,0.77184105
0.8913005,1.5581052,0.8919344,1.0256271,0.17837705,0.01935661,0.8048153,0.77063805
0.8902382,1.5556582,0.89009476,1.0257169,0.17845945,0.019419268,0.8048899,0.77158797
0.8857398,1.5542427,0.8892985,1.0255014,0.17827377,0.019413296,0.8011285,0.7688781
0.8791999,1.5565664,0.8875702,1.0263569,0.17827368,0.019395327,0.7980109,0.768816
0.87623346,1.5610473,0.8912749,1.0269367,0.17824621,0.019309502,0.79689384,0.770416
0.8746308,1.5615401,0.8886441,1.0239674,0.17827865,0.01917924,0.79717,0.7703304
0.8741652,1.5602871,0.88567257,1.0243672,0.17824958,0.019088294,0.7959529,0.77121174
0.8740152,1.5600743,0.8853645,1.0219703,0.17815273,0.0190572,0.7968555,0.7696814
0.871855,1.5591958,0.88365555,1.0236428,0.17812213,0.019058537,0.7952504,0.76993704
0.8736759,1.5605507,0.8868863,1.022688,0.17803186,0.01905229,0.7988177,0.76949966
0.87375784,1.5589936,0.88563514,1.0211266,0.17784248,0.019127872,0.799684,0.76869524
0.87256104,1.5549352,0.88603276,1.0190644,0.17788695,0.019196276,0.7973562,0.7681443
0.8689625,1.5579216,0.88365644,1.0227762,0.17773795,0.01926129,0.79864526,0.7663667
0.8648706,1.5522236,0.8810988,1.0230345,0.17778407,0.019186743,0.7949565,0.76461166
0.86238056,1.552046,0.87979597,1.0214646,0.17777348,0.019172948,0.794189,0.7623887
0.8605807,1.5492207,0.87811476,1.0210072,0.17782535,0.019060291,0.7925207,0.76173425
0.85913414,1.5470617,0.8766111,1.0141357,0.17773582,0.01899558,0.78954065,0.7608818
0.86138445,1.5526828,0.8789597,1.0198277,0.1773868,0.019038983,0.7918274,0.76197726
0.85748655,1.5495387,0.87840044,1.017658,0.17749688,0.018969245,0.7870797,0.7612549
0.8562135,1.5558693,0.8798115,1.0163361,0.17733055,0.01884889,0.791013,0.76176536
0.8551857,1.5552446,0.8793646,1.0187485,0.17729513,0.01882996,0.79202706,0.761972
0.849903,1.5556912,0.877306,1.0175191,0.1772576,0.018823426,0.78821003,0.7605414
0.8498127,1.5577521,0.8760766,1.0219196,0.17712156,0.018845562,0.7901612,0.7617623
0.84814584,1.5538034,0.8722176,1.0228692,0.17708172,0.018988091,0.78801024,0.76140153
0.8462397,1.5556576,0.8694091,1.0256127,0.17695794,0.019053295,0.7897519,0.76371133
0.8466562,1.5547283,0.8685312,1.0264021,0.17685586,0.019130945,0.7914496,0.7651626
0.8457356,1.5557477,0.86652577,1.022248,0.1766717,0.019149847,0.7902487,0.7656351
0.84489775,1.5566053,0.8671968,1.0208414,0.17631596,0.019099515,0.7949584,0.7645836
0.8423078,1.5546504,0.86708736,1.0173634,0.17633592,0.018968854,0.79145604,0.7641189
0.8423111,1.5564048,0.8674826,1.0172868,0.17630796,0.018867532,0.79530346,0.7646683
0.8400707,1.5546514,0.86680126,1.0160825,0.176423,0.018739097,0.7933195,0.76273614
0.8359557,1.545776,0.86467224,1.0089021,0.17628443,0.018627686,0.7878591,0.7594541
0.8358098,1.546261,0.86779004,1.0064286,0.17635065,0.018576246,0.78813607,0.75851053
0.83411264,1.541755,0.8653368,1.006767,0.17635588,0.018522687,0.7843159,0.75782776
0.83416504,1.5431422,0.8678849,1.001535,0.1761751,0.018454347,0.7862849,0.75696534
0.83370674,1.5426133,0.86655056,1.0015808,0.17615347,0.018468365,0.78443265,0.75719786
0.8332317,1.543838,0.8673359,0.99950755,0.17600691,0.018451303,0.7857471,0.7567206
0.8330148,1.5425774,0.8667504,0.9986708,0.17587055,0.01838965,0.7866315,0.7558012
0.8373082,1.5452832,0.8672918,1.0037556,0.17600656,0.01833902,0.79170275,0.75599515
0.834494,1.5386113,0.86383134,1.0002006,0.17621703,0.018317187,0.7895736,0.75513136
0.8326124,1.533541,0.85857916,0.9995134,0.17622837,0.018345375,0.7870475,0.75340474
0.83252394,1.5310283,0.85878575,0.99998677,0.17616072,0.018472018,0.78571093,0.7534745
0.8317946,1.5238576,0.8557995,0.9965743,0.1761272,0.018476732,0.7880007,0.7529475
0.8321047,1.5222179,0.85632855,0.99476,0.17614916,0.018434333,0.7897243,0.75318503
0.830546,1.516126,0.8540532,0.98720306,0.1761046,0.018448897,0.78957677,0.75181776
0.8340621,1.5173737,0.85238665,0.9864579,0.17605017,0.018383,0.7930306,0.75324935
0.83544844,1.5159417,0.85268813,0.9822352,0.17609207,0.018421622,0.79219806,0.7527399
0.8363178,1.5114596,0.849642,0.9795695,0.17596081,0.018527694,0.7932171,0.75185955
0.8346016,1.5096668,0.84824824,0.9802554,0.17609541,0.018697312,0.7917899,0.7512235
0.8324728,1.5038706,0.8457773,0.97339934,0.17609634,0.018825658,0.7876652,0.7495515
0.8338104,1.5074899,0.84488213,0.9719156,0.17624405,0.0192082,0.78904724,0.7508646
0.8329271,1.5039092,0.84364945,1.0040969,0.17611921,0.01972941,0.7870695,0.74973476
0.8367922,1.5044008,0.8464184,1.0534482,0.17585456,0.020322438,0.79393804,0.75296587
0.83859307,1.5095814,0.84535444,1.0710411,0.17588001,0.021052582,0.7941071,0.7540877
0.8402126,1.5104133,0.8448461,1.0829451,0.17588302,0.021608256,0.79559344,0.7558962
0.84299165,1.5176585,0.8472022,1.0755484,0.17586125,0.02250006,0.7976506,0.7568812
0.842703,1.5177923,0.8443406,1.0872406,0.1758714,0.023495749,0.794058,0.7562136
0.8396996,1.5168856,0.8370598,1.1147008,0.17587513,0.024148967,0.78860956,0.75717086
0.8351245,1.5117007,0.8304359,1.1099452,0.17573936,0.024472084,0.78228194,0.755831
0.83229166,1.5081275,0.8303263,1.1326188,0.17576925,0.02478378,0.7820271,0.7557805
0.82285666,1.499276,0.82451326,1.1359031,0.17539904,0.024916481,0.77456725,0.75266963
0.82478917,1.4980682,0.82691944,1.152463,0.17542933,0.024845067,0.77795875,0.75239927
0.8231175,1.4974045,0.8232453,1.1512717,0.17510071,0.024573404,0.7753129,0.75253785
0.8252912,1.5001808,0.82235515,1.1293467,0.17508137,0.024111541,0.77722436,0.7535301
0.8234221,1.5022314,0.8204013,1.1005086,0.17501035,0.023441726,0.77394897,0.7495981
0.8159156,1.5004002,0.8133578,1.0674645,0.1749581,0.023078475,0.7662132,0.7474502
0.8119704,1.4953659,0.80863786,1.0598484,0.17519721,0.022713162,0.7594262,0.74597484
0.8057277,1.4965245,0.8029109,1.0429176,0.17491558,0.022202462,0.7530179,0.7443748
0.80648035,1.4974142,0.8021329,1.0482019,0.175132,0.02178218,0.7525607,0.74546397
0.80698544,1.4957199,0.8040418,1.0679874,0.17510982,0.021469107,0.7543101,0.74491936
0.8050016,1.4964182,0.8105693,1.0636995,0.17488123,0.021065183,0.7540539,0.7454787
0.8042573,1.5040998,0.811591,1.0727612,0.17501926,0.020707946,0.75792956,0.7468346
0.8115491,1.5083946,0.8139602,1.0883359,0.17493205,0.02047773,0.7629642,0.7470059
0.8095142,1.5117213,0.8125845,1.0750037,0.17506306,0.020005224,0.76025116,0.74646664
0.8118887,1.5108843,0.80882794,1.0694703,0.17510603,0.019587785,0.76030374,0.7439205
0.80822074,1.5081172,0.8078066,1.0737383,0.1752947,0.019569583,0.75658864,0.7439918
0.8058576,1.5047424,0.80593973,1.0776075,0.17528525,0.019514265,0.7566191,0.742142
0.8052012,1.5049524,0.80694634,1.078208,0.17520808,0.019467656,0.7568235,0.74256074
0.8008603,1.506979,0.8044773,1.0912579,0.17539714,0.01955709,0.7564115,0.74287564
0.8057851,1.5107033,0.8084859,1.0851204,0.17531815,0.019591782,0.76344794,0.7419182
0.80127496,1.5192332,0.81457,1.0791535,0.17525765,0.01965108,0.76289237,0.74387115
0.80599225,1.5211755,0.81345016,1.0802221,0.17537968,0.01971965,0.76657885,0.7429523
0.80419356,1.5248816,0.81391406,1.0740147,0.17540401,0.019771138,0.765142,0.7427242
0.80175066,1.5216405,0.80606484,1.0645509,0.17528346,0.019686144,0.7619999,0.74037194
0.80336624,1.5186164,0.8081622,1.0653124,0.17520486,0.0196843,0.7641648,0.73953754
0.8017274,1.5198368,0.80615044,1.0617591,0.17523731,0.01957509,0.76265574,0.73783845
0.79758734,1.5169805,0.80183566,1.0539005,0.17514203,0.019339569,0.7604411,0.7373329
0.80090195,1.5211586,0.80682516,1.056117,0.17504282,0.0192823,0.76371485,0.73929566
0.80012774,1.5206826,0.80305123,1.0568584,0.17507236,0.019049581,0.763954,0.73830396
0.8021756,1.5247852,0.8069532,1.0581061,0.17500012,0.018849123,0.7658411,0.73933375
0.80282426,1.5272813,0.8073462,1.0518991,0.17500822,0.018649055,0.76660806,0.73953193
0.8019471,1.5316556,0.80750287,1.0484078,0.17497595,0.01853656,0.7663282,0.7399669
0.80690235,1.5293179,0.8074126,1.047753,0.17501913,0.018446647,0.76611686,0.7402472
0.80552423,1.5274957,0.80759484,1.045053,0.17491579,0.018337302,0.76722294,0.73923093
0.80631715,1.5250013,0.80664194,1.045944,0.17486627,0.018047597,0.768264,0.7378463
0.8036839,1.524246,0.8040654,1.0425636,0.1747479,0.01791063,0.7684336,0.73615366
0.8031813,1.527103,0.80301267,1.0412678,0.1747674,0.017825533,0.76750773,0.7360218
0.8033384,1.5258597,0.80428433,1.0429794,0.17474575,0.017677775,0.76668924,0.735758
0.8027221,1.5273844,0.80439144,1.0398434,0.17476669,0.017540928,0.76833713,0.73652834
0.80207944,1.5207874,0.80523515,1.0391822,0.17474389,0.017559323,0.7665301,0.7352103
0.8021567,1.5240529,0.8100489,1.0331126,0.17469919,0.017609403,0.76851624,0.73490953
0.7981931,1.5141121,0.8059579,1.0244569,0.17473564,0.017700292,0.7619921,0.73328763
0.7964914,1.5091414,0.8051276,1.0204881,0.17462264,0.01779161,0.7599285,0.73135066
0.7962739,1.506571,0.8044687,1.0172668,0.17461082,0.01788292,0.75925374,0.73127645
0.79693764,1.5048941,0.80508935,1.0174986,0.17456326,0.01791399,0.7619873,0.7297009
0.7922089,1.5036275,0.80294055,1.0117636,0.17458883,0.017899707,0.7566489,0.727098
0.78902274,1.4995159,0.79808223,1.0045788,0.1746754,0.01789194,0.749423,0.72529465
0.79100776,1.490886,0.797373,1.0000933,0.17469303,0.017850172,0.7529384,0.7259334
0.7898904,1.483503,0.7945505,0.9977611,0.17476802,0.017830003,0.75039345,0.7251417
0.78999984,1.4779224,0.7939274,0.99531096,0.1747798,0.017765991,0.74967337,0.72309077
0.78873587,1.4777788,0.79426146,0.9919297,0.17481853,0.017786905,0.74901164,0.7229645
0.785475,1.4766812,0.7907155,0.9873604,0.17478788,0.017772939,0.7470451,0.72202265
0.7857651,1.4768776,0.7906883,0.9889807,0.1747925,0.017827652,0.7469667,0.723348
0.7873959,1.4756882,0.79208386,0.9932131,0.17496558,0.01801512,0.7497147,0.72328216
0.7846243,1.472941,0.7900448,0.99638855,0.17528301,0.0181069,0.75174206,0.7229196
0.7903598,1.4828339,0.7956842,1.0037792,0.17541593,0.018173655,0.7601776,0.7243606
0.79324687,1.4830267,0.796947,1.0068374,0.17546771,0.018210333,0.76463425,0.7246647
0.79466736,1.4830312,0.79942024,1.0071887,0.17560312,0.018304463,0.7675549,0.72627157
0.7980839,1.4771887,0.79932153,1.011786,0.17556255,0.018530075,0.7690033,0.72759205
0.8024405,1.4781325,0.8022535,1.0182459,0.17571224,0.018858422,0.77388775,0.7298848
0.8001026,1.4770994,0.80263823,1.0216194,0.17580588,0.019031506,0.7708169,0.72892445
0.8027574,1.4830471,0.8050338,1.02467,0.17575365,0.019209366,0.7717893,0.7307976
0.79737604,1.4821751,0.80405056,1.0230522,0.17594615,0.01930926,0.7678008,0.73023605
0.7990001,1.4874614,0.80362207,1.0273784,0.17583463,0.019527541,0.77023286,0.73188764
0.7985935,1.4834142,0.80343467,1.0268776,0.17602015,0.019655926,0.7703929,0.73270166
0.79698396,1.4838324,0.80203044,1.027521,0.17599046,0.019687995,0.7718831,0.73104453
0.79410106,1.4808196,0.8006283,1.0203133,0.17589892,0.019793943,0.76971704,0.73106456
0.7911345,1.4750898,0.80044186,1.02074,0.17581698,0.019988047,0.7658027,0.732409
0.7897673,1.4737954,0.7996151,1.0222971,0.17564188,0.020073462,0.767647,0.73482054
0.7863533,1.4692514,0.8003996,1.0233445,0.17576298,0.020027474,0.7642594,0.7350518
0.7856869,1.4702339,0.8002268,1.0268259,0.17568938,0.0199796,0.76744926,0.7360836
0.7807197,1.4644618,0.79849523,1.0220987,0.17598864,0.019858196,0.76313406,0.73445934
0.781304,1.4738467,0.80087584,1.0240806,0.17604849,0.019806247,0.7660046,0.73548585
0.77896774,1.4715743,0.80037665,1.0208604,0.17617711,0.019707847,0.7621826,0.73466283
0.7836674,1.4769179,0.80132693,1.0232573,0.17629154,0.01961798,0.7664375,0.7351875
0.7852136,1.4728477,0.80178064,1.0191039,0.17630391,0.01943409,0.76853883,0.7368412
0.78826493,1.4678118,0.8037423,1.0194585,0.17619906,0.01934041,0.7704604,0.73640513
0.7892003,1.4672837,0.8056359,1.0217748,0.17613341,0.019313607,0.77221566,0.73735064
0.79063463,1.4623542,0.8065406,1.0204085,0.1760626,0.019298445,0.7707417,0.7363692
0.7922617,1.465268,0.80728,1.0251262,0.17586593,0.019363776,0.7719714,0.7370918
0.7899017,1.4665952,0.8060359,1.0240184,0.1758834,0.019432735,0.771599,0.73646027
0.79261476,1.4670928,0.80809605,1.0206337,0.1758908,0.019421805,0.77224404,0.73585206
0.7962727,1.4720241,0.8129579,1.0232017,0.17600597,0.019447925,0.77488846,0.7358626
0.79618657,1.4717604,0.81061774,1.0207022,0.17609568,0.019456219,0.77429116,0.73576045
0.7953098,1.4733678,0.8106101,1.0219014,0.1761222,0.019466542,0.77389884,0.7358603
0.7946793,1.4720281,0.81087095,1.0227139,0.1761364,0.0195318,0.7733529,0.7375838
0.7913859,1.4706926,0.8133103,1.0256417,0.17615972,0.019670503,0.77549833,0.73894745
0.7893436,1.4741864,0.81647694,1.0309123,0.17616871,0.019744597,0.7755842,0.7389238
0.7929597,1.4815563,0.81977385,1.0335914,0.17626241,0.019744817,0.77996314,0.7429972
0.7918314,1.4894681,0.8236457,1.0387076,0.17632075,0.019806702,0.77798676,0.74472946
0.7987268,1.4988652,0.827995,1.0437584,0.17641252,0.019817892,0.78018403,0.7485083
0.79800165,1.5023376,0.8274239,1.0428892,0.1764622,0.019784003,0.7792481,0.7503715
0.801972,1.5028566,0.8280487,1.0443959,0.17651817,0.01968585,0.78113544,0.7508533
0.8035215,1.5038323,0.8263867,1.0378773,0.17638263,0.019631844,0.7826867,0.751027
0.80562216,1.4997041,0.82684463,1.0328964,0.17624152,0.019499667,0.77951336,0.7501766
0.8117685,1.5072167,0.82628137,1.0385462,0.17630795,0.019418139,0.78300065,0.75305575
0.806199,1.5032378,0.8243198,1.0329754,0.17623687,0.01936969,0.7765773,0.7505858
0.8015403,1.4974316,0.82286775,1.0407153,0.17617951,0.019558363,0.7703591,0.74847895
0.80078584,1.5043344,0.8227423,1.0398047,0.17607766,0.019700501,0.7692265,0.750326
0.80553716,1.5120507,0.8266773,1.0489585,0.17607242,0.019674294,0.7708736,0.7515063
0.8080597,1.5119766,0.82922417,1.0528197,0.17613062,0.019653682,0.771422,0.7533956
0.8105112,1.511391,0.8328659,1.0566709,0.17596038,0.019825406,0.7747966,0.7546021
0.8148559,1.5084422,0.8332122,1.0649326,0.17613633,0.019873558,0.77572584,0.7552869
0.81472206,1.510958,0.833504,1.0666587,0.1760051,0.020020392,0.7739243,0.7542366
0.81062245,1.5158707,0.8303149,1.0674793,0.17601272,0.019924395,0.77219045,0.75288683
0.8113029,1.5158451,0.831608,1.0644023,0.17607519,0.019842539,0.7718308,0.7531388
0.8096363,1.5166533,0.8308843,1.0628921,0.17615078,0.019862201,0.7697252,0.75117224
0.80638456,1.5199776,0.83014816,1.0674871,0.17620581,0.019906102,0.761772,0.7500614
0.8051287,1.5215971,0.8293018,1.0612564,0.17607547,0.019758949,0.75627285,0.7483781
0.815439,1.5345078,0.8341024,1.0647608,0.17623591,0.01961914,0.7615253,0.7513223
0.8197959,1.5407081,0.83800834,1.0703564,0.1761824,0.0195215,0.76371723,0.7548153
0.8212133,1.5409236,0.83566445,1.0664313,0.17616619,0.01929503,0.7671647,0.75647974
0.82453406,1.5490777,0.83898187,1.0666426,0.17615727,0.019231182,0.7678877,0.7584051
0.8233901,1.5544429,0.83797425,1.0671865,0.1761483,0.019327406,0.76556313,0.7575056
0.82280517,1.5562396,0.8368219,1.0684303,0.176097,0.019317068,0.76486415,0.75791836
0.81924134,1.5519954,0.8315727,1.0584966,0.17614791,0.01919613,0.7600166,0.75512606
0.8167018,1.5527604,0.8319833,1.0630795,0.17617975,0.019226119,0.7590684,0.7538397
0.81345665,1.5504311,0.8301118,1.0634595,0.17620616,0.019097764,0.75501615,0.7525082
0.81158125,1.5422788,0.8280755,1.063366,0.17625254,0.018923048,0.7545864,0.75193685
0.8135393,1.5449166,0.8282968,1.0630457,0.17631893,0.018712617,0.75581396,0.75319886
0.8113928,1.5348433,0.82542104,1.0644556,0.17633462,0.018530902,0.7552294,0.7526849
0.808645,1.5274457,0.8241474,1.0565684,0.17623523,0.01833797,0.7558161,0.7517238
0.804598,1.5306009,0.8197252,1.0533109,0.17619829,0.018223766,0.7495359,0.74814767
0.79901713,1.5210563,0.81517863,1.0452328,0.17617926,0.01809775,0.7462346,0.7459303
0.7936332,1.5174965,0.8124788,1.0434313,0.17608446,0.018031824,0.7402289,0.7432494
0.7921119,1.523727,0.81376404,1.0424074,0.17613472,0.018208396,0.7365885,0.7434366
0.79206944,1.5182385,0.81281394,1.0435846,0.17614236,0.01829354,0.7343913,0.7430336
0.7931206,1.5243863,0.81523895,1.0482445,0.1761941,0.018301934,0.73568237,0.7441115
0.7917477,1.5234178,0.8126442,1.0479131,0.17616816,0.018335022,0.73453236,0.7434519
0.7974212,1.5265619,0.81565475,1.0552238,0.1762008,0.018370505,0.7391395,0.74495596
0.80128,1.5252119,0.81572455,1.059318,0.17618038,0.018408004,0.74003273,0.7470844
0.7986692,1.5263572,0.81329346,1.0612679,0.17616698,0.018483654,0.7369592,0.74642795
0.7931656,1.5255324,0.8128706,1.0594873,0.17605092,0.01865032,0.7321847,0.7445197
0.7891772,1.515393,0.810251,1.0552245,0.17604207,0.018771242,0.726731,0.7413498
0.78915703,1.5206476,0.81337565,1.0584074,0.1760773,0.01882251,0.7270309,0.74170786
0.7919177,1.5208169,0.812771,1.0606792,0.1761264,0.018811058,0.7268822,0.7428087
0.79011303,1.521325,0.81322205,1.0592014,0.17608999,0.01866666,0.72953594,0.7425485
0.7958965,1.5315874,0.8191161,1.0618949,0.17614475,0.018712562,0.7342776,0.7453664
0.7978773,1.5333754,0.81770676,1.0559907,0.17615835,0.018771932,0.7319728,0.74495196
0.79650646,1.5349436,0.8177864,1.0579004,0.17608462,0.018886745,0.7280467,0.7449124
0.7979244,1.5356275,0.8171469,1.0590156,0.17603534,0.01891065,0.7267565,0.7444726
0.79434323,1.5373142,0.8177397,1.0611724,0.17602226,0.018900577,0.7245374,0.74444336
0.7933146,1.5368886,0.81784946,1.057567,0.17601289,0.01872036,0.7236593,0.74402547
0.7906095,1.5370766,0.8160642,1.0557511,0.17600761,0.018580303,0.71980536,0.74275446
0.7900409,1.5416062,0.8185064,1.0602686,0.17602342,0.01846613,0.7172978,0.7433676
0.7936743,1.5502838,0.8192504,1.0645143,0.17604737,0.018505339,0.7181984,0.74681586
0.7967844,1.5565895,0.82060903,1.0684052,0.17606531,0.018434651,0.7141105,0.74834245
0.7998178,1.5612848,0.8208116,1.070874,0.17607763,0.018253913,0.7168444,0.7500527
0.80032814,1.5633153,0.8203822,1.0695137,0.1760711,0.018132564,0.7134709,0.7507336
0.79444593,1.5597135,0.81658435,1.069181,0.17603956,0.018071864,0.70847857,0.74842507
0.7969403,1.558818,0.8174668,1.0660582,0.17606364,0.01802993,0.706908,0.74774253
0.7931252,1.5527445,0.8147975,1.0615302,0.1760808,0.017979153,0.70647967,0.746672
0.79090565,1.5549856,0.81418335,1.0614461,0.17600395,0.017835733,0.7099415,0.7445669
0.79152113,1.5543711,0.8168377,1.0590659,0.17601007,0.017843436,0.70764625,0.7442933
0.7880725,1.558241,0.8170953,1.0645335,0.17599197,0.017846346,0.70843697,0.7437055
0.79014885,1.5592283,0.8185132,1.060764,0.17600173,0.017851975,0.70632315,0.7447519
0.7912839,1.5595762,0.81726843,1.0679883,0.17598945,0.017791871,0.7075255,0.7448213
0.7936769,1.5578297,0.8148865,1.0632172,0.17606373,0.017672747,0.70565665,0.745499
0.79140735,1.5508478,0.8108359,1.053598,0.17613201,0.017714774,0.7024614,0.74364835
0.78615385,1.5433391,0.80735195,1.0495954,0.1760697,0.017691495,0.69732136,0.74083894
0.7858403,1.5433306,0.80849254,1.0461332,0.17600173,0.017827015,0.69771236,0.74227387
0.7780403,1.5401129,0.80652535,1.04858,0.1759658,0.017833449,0.6953467,0.74044895
0.7813502,1.5453162,0.80761564,1.0503092,0.17599687,0.017843632,0.6955978,0.742401
0.77892554,1.5489148,0.8058545,1.0503018,0.17599823,0.017696016,0.6930559,0.7416031
0.7781471,1.5482112,0.80289036,1.0532333,0.17593883,0.01765225,0.69149214,0.74208754
0.77331316,1.542697,0.80085117,1.0517396,0.17597327,0.017660502,0.68802553,0.74167085
0.7756278,1.5385531,0.7987721,1.0524726,0.17594545,0.017687073,0.6915919,0.74407125
0.77369344,1.5387609,0.7974202,1.0509984,0.17595471,0.017648837,0.6880042,0.7438048
0.77054673,1.538879,0.79626155,1.0508683,0.17595012,0.017610643,0.68799233,0.7433507
0.77095544,1.5386966,0.79720366,1.0490711,0.17595653,0.017606702,0.6882638,0.7427717
0.7648074,1.5341551,0.7966529,1.0460546,0.1759609,0.017547473,0.68765557,0.7414753
0.7671758,1.5388725,0.79757094,1.0467004,0.17593966,0.017508041,0.6906663,0.7400804
0.76333463,1.5431192,0.79366165,1.0462714,0.17592989,0.017316364,0.6869619,0.7373125
0.7664984,1.5455152,0.79165983,1.0442642,0.17592321,0.017319396,0.68613285,0.73690647
0.76619726,1.5444454,0.7898476,1.0420305,0.1759405,0.01732647,0.6815706,0.73531604
0.7644645,1.5440402,0.7861436,1.0381358,0.17596802,0.017250663,0.6806263,0.7348595
0.7668463,1.5435852,0.7875761,1.0358753,0.17598085,0.017065447,0.6798829,0.7342665
0.7653861,1.5480716,0.7857317,1.0378389,0.17600714,0.016945425,0.6797017,0.7341521
0.76616454,1.5485723,0.7844927,1.033799,0.17602997,0.016759248,0.67734873,0.7340388
0.76541764,1.5497617,0.7839412,1.0343837,0.17600244,0.016631767,0.6769242,0.73389363
0.76195955,1.5477391,0.7805615,1.031852,0.17598087,0.016695525,0.6761111,0.7331678
0.7591058,1.5439335,0.7787718,1.0294557,0.17596108,0.016771603,0.6731409,0.7314757
0.7533914,1.5415882,0.7740216,1.0249801,0.17596316,0.016886868,0.67089486,0.7300235
0.75594276,1.5365443,0.7759656,1.0253601,0.17595169,0.016946264,0.67291385,0.73094547
0.7536491,1.5384461,0.7745407,1.0257237,0.17594168,0.016901493,0.67268634,0.73205054
0.7543338,1.5348369,0.7778138,1.0264645,0.17595294,0.016791679,0.67841285,0.73256713
0.75711447,1.5381355,0.7836388,1.0328255,0.17597485,0.016826347,0.6865228,0.73519564
0.75195944,1.5387036,0.78081125,1.0270274,0.17597622,0.016722035,0.6818325,0.73212624
0.7557752,1.5402844,0.78116393,1.0324163,0.17596707,0.016673848,0.6839846,0.73244435
0.75171256,1.5433258,0.7770356,1.0293839,0.17597246,0.016628608,0.68054324,0.7310065
0.7529942,1.5435597,0.7769425,1.0292976,0.17597887,0.016584415,0.679948,0.73106444
0.74868464,1.5438765,0.7739535,1.0246032,0.17598855,0.01648603,0.67654985,0.7292218
0.75132334,1.5448811,0.77266127,1.0208519,0.17599314,0.016451988,0.6741225,0.72685385
0.75414455,1.5471323,0.77088875,1.0167906,0.17599285,0.016455354,0.67042285,0.7267967
0.7544445,1.5465237,0.7719541,1.0139809,0.1759956,0.016469097,0.6700959,0.7264822
0.7588218,1.5420063,0.7727035,1.0133084,0.17597267,0.016493563,0.6743078,0.72602946
0.75887346,1.5435795,0.77189547,1.013119,0.17595908,0.016431052,0.67612326,0.7261019
0.76034707,1.5388077,0.769892,1.0112064,0.17594899,0.016463019,0.675022,0.7243746
0.76020026,1.541209,0.7690532,1.0103104,0.17604935,0.01644352,0.6731473,0.7240784
0.7538224,1.5394742,0.7674893,1.0085415,0.1752973,0.016563416,0.6700933,0.72125745
0.7564095,1.5399029,0.7691247,1.0099056,0.17421576,0.01660269,0.6706113,0.71846366
0.7555906,1.5400596,0.77048457,1.0123532,0.17366678,0.016643679,0.6733552,0.7184746
0.75559855,1.538487,0.7697726,1.0077603,0.17338982,0.016533878,0.67020494,0.7168544
0.7597616,1.5438217,0.77336663,1.0109581,0.17346227,0.016602349,0.67457306,0.7179812
0.75660694,1.5426872,0.7723902,1.0072811,0.17308642,0.016666565,0.6712829,0.71600336
0.7573429,1.5437938,0.77409536,1.0113182,0.1726091,0.016780151,0.6753287,0.7151106
0.75609785,1.5463958,0.775965,1.0129504,0.17256357,0.016837653,0.67755497,0.71703774
0.7531979,1.5490266,0.77200454,1.0138739,0.17195511,0.01685414,0.6738269,0.7151318
0.75301474,1.5535877,0.77312773,1.021504,0.17187311,0.016900707,0.67523307,0.714381
0.7504396,1.553673,0.7693037,1.0250555,0.17149259,0.017012062,0.67422855,0.71429664
0.75306326,1.5557206,0.76932615,1.0320255,0.17136116,0.017084403,0.6768401,0.71201676
0.7514916,1.5528194,0.76731443,1.0308933,0.17139933,0.01730612,0.6762566,0.7121827
0.75044125,1.554308,0.7662153,1.0371021,0.17179629,0.0176231,0.6744114,0.7130104
0.7506033,1.5523131,0.76419574,1.03534,0.1722887,0.017919347,0.6715654,0.7150409
0.7429757,1.545906,0.7608654,1.0328883,0.17238669,0.018179324,0.66874075,0.71386385
0.7447201,1.5382577,0.76402456,1.0332916,0.17262541,0.018357553,0.67131424,0.71668917
0.74350667,1.5347438,0.7642781,1.0260667,0.17258355,0.018354453,0.6715744,0.7160941
0.742048,1.53705,0.7652027,1.0342636,0.17225553,0.018289953,0.6708803,0.7140133
0.7401414,1.5367366,0.764428,1.0328621,0.17186746,0.018273294,0.6694459,0.71388656
0.7390771,1.5343236,0.76442194,1.0336596,0.17179811,0.018236518,0.665637,0.712772
0.7325097,1.5283165,0.7643758,1.0313253,0.17130011,0.01828977,0.6570517,0.71027243
0.73305666,1.5277282,0.76376295,1.0275981,0.17147928,0.018262073,0.6581857,0.7106264
0.7288478,1.5208526,0.7627547,1.0215774,0.17161186,0.01818721,0.6518364,0.7094999
0.7272208,1.5167631,0.7650297,1.0116247,0.17165156,0.018085789,0.6516806,0.70865464
0.72287816,1.5112139,0.76287305,1.0129224,0.17173657,0.018128054,0.6465044,0.70702535
0.72359586,1.507006,0.7652168,1.0078651,0.17186628,0.01804886,0.64846236,0.707332
0.72505295,1.5102144,0.76434344,1.0104096,0.17202841,0.017873827,0.6511099,0.7055301
0.72754353,1.5201992,0.76638025,1.0097331,0.17209336,0.017701551,0.65293145,0.7056834
0.7282148,1.5230829,0.7656857,1.0159757,0.17206855,0.017634908,0.6592734,0.7062668
0.7270088,1.5274551,0.7642379,1.0196211,0.1720334,0.017495044,0.65353674,0.70544595
0.72674155,1.529532,0.76334614,1.0228809,0.17195958,0.017617011,0.6541149,0.70739245
0.72208995,1.5277516,0.7590971,1.0241814,0.17190488,0.01756791,0.6481942,0.70546407
0.72636604,1.5282239,0.76058286,1.019518,0.17177553,0.017548751,0.65045595,0.7071464
0.7262213,1.5267196,0.76019144,1.0212406,0.17171514,0.01757551,0.6501598,0.7083361
0.72876865,1.5252367,0.7595856,1.016804,0.17164074,0.017602678,0.6492419,0.7098266
0.7333623,1.5270151,0.76301664,1.0190324,0.17166722,0.017650412,0.6505986,0.71248454
0.7370666,1.5339226,0.7633225,1.0178194,0.1716547,0.017633807,0.65276915,0.71428066
0.741581,1.5403254,0.76680243,1.0227767,0.1718117,0.017632488,0.6539389,0.71480304
0.7426492,1.5400622,0.7646492,1.0233083,0.17188166,0.017599449,0.6560783,0.7148894
0.7420108,1.537339,0.7643754,1.0214787,0.17199843,0.01765607,0.6558043,0.71583277
0.7374922,1.533009,0.7636065,1.0218959,0.1720402,0.017733015,0.6511924,0.71352893
0.7319731,1.5283397,0.7620403,1.0214226,0.17204843,0.017932221,0.6467003,0.7110091
0.72789836,1.5183021,0.76074713,1.0149,0.17198631,0.017998446,0.64611226,0.7084609
0.7259914,1.5161283,0.7604249,1.0162283,0.17185754,0.017999616,0.64858955,0.7071076
0.7237276,1.512518,0.76006806,1.0112588,0.17190066,0.01784898,0.64812064,0.7066998
0.72471476,1.5140232,0.7607845,1.0124528,0.17188981,0.017795552,0.65283316,0.7062968
0.7249597,1.5142964,0.7603805,1.0104823,0.17184098,0.017763395,0.6518265,0.7054765
0.7231434,1.5148335,0.7593935,1.0128728,0.17177424,0.017829072,0.65043604,0.70334995
0.72213876,1.5127863,0.75664634,1.0142071,0.17181653,0.017916169,0.6494206,0.7020306
0.7202972,1.5043149,0.75514823,1.0126894,0.17184916,0.01799199,0.65209615,0.70176554
0.72007155,1.5029111,0.75634116,1.0118965,0.17191043,0.018039342,0.647672,0.7001289
0.7183751,1.4997069,0.75755537,1.0108669,0.17189647,0.018165175,0.6512238,0.699508
0.72037095,1.4986788,0.7609575,1.0124452,0.17192721,0.018240027,0.65234053,0.69917595
0.72309643,1.500743,0.7610336,1.014069,0.17197149,0.018274605,0.6544667,0.70026976
0.7260388,1.5027856,0.7638489,1.0143087,0.1721309,0.018309489,0.6600734,0.70434004
0.7302875,1.5065384,0.766594,1.0160056,0.17221868,0.018307941,0.66219175,0.70581603
0.7362973,1.5167282,0.76882243,1.0189207,0.17229925,0.01820172,0.66712207,0.70837253
0.73694986,1.5199542,0.7697309,1.019511,0.17240036,0.018168636,0.667343,0.7094085
0.7421323,1.5218722,0.7726192,1.0255089,0.17246494,0.018236175,0.67108196,0.7104558
0.7429724,1.5182354,0.7737495,1.0230476,0.17249559,0.018280465,0.6715299,0.7124842
0.7440614,1.5172133,0.77603287,1.0240612,0.17242414,0.01833034,0.6733177,0.7127207
0.7464837,1.5199538,0.77714115,1.0231094,0.17253849,0.018402994,0.6763225,0.7121629
0.7450909,1.5143056,0.7765919,1.0221498,0.17247853,0.018550526,0.67773706,0.7120517
0.744581,1.518454,0.776159,1.0288881,0.172356,0.018601334,0.67994684,0.71454495
0.74824584,1.5251875,0.77784514,1.0291061,0.17241727,0.018597707,0.68867946,0.72131747
0.7469547,1.5239015,0.7769557,1.0318685,0.17238222,0.018544063,0.6871609,0.7201575
0.7488353,1.527849,0.7767776,1.0325353,0.17252836,0.01856516,0.69041145,0.7229534
0.7474747,1.5237428,0.776132,1.0321867,0.1725217,0.018579133,0.6889304,0.720789
0.7445852,1.5253909,0.7746334,1.0342249,0.17242412,0.018429078,0.68760073,0.72076905
0.74635375,1.5275422,0.7754351,1.0337832,0.17262481,0.01838648,0.6893356,0.7203299
0.7418515,1.5220389,0.7737719,1.034357,0.17252472,0.018271549,0.6843276,0.717066
0.7387836,1.5244741,0.7713991,1.0264913,0.17247668,0.018060315,0.6856827,0.71677476
0.7376551,1.5206124,0.7719788,1.023229,0.17243098,0.017960291,0.6863495,0.7147081
0.7371915,1.5219309,0.7695045,1.0199769,0.17236958,0.017825803,0.68652105,0.71580863
0.73780674,1.5218976,0.7706351,1.0176984,0.17230168,0.017703783,0.6879116,0.7156024
0.7403558,1.5228766,0.77124786,1.0168035,0.17233203,0.01755001,0.6887158,0.7178959
0.7433172,1.5225385,0.768659,1.0118768,0.17234688,0.017495772,0.69091153,0.7163466
0.74059457,1.5164953,0.76852083,1.0072625,0.17235333,0.017371614,0.6863245,0.71611595
0.73777103,1.5175546,0.7661485,1.0057907,0.17239875,0.01750451,0.6833271,0.7143837
0.7392953,1.5167145,0.7689916,1.0035447,0.17274487,0.017432615,0.6858607,0.71328133
0.73800546,1.520699,0.7677053,1.0036006,0.17296304,0.01722417,0.685039,0.71354717
0.7383549,1.5202,0.76886225,1.0008477,0.17301272,0.017086487,0.689762,0.7142176
0.7377576,1.5228626,0.7693591,1.0034298,0.17300501,0.01709722,0.6900859,0.7150988
0.7364605,1.520135,0.77056456,1.0010743,0.17261839,0.017102797,0.6873579,0.7157245
0.7365056,1.524644,0.77003574,1.00204,0.17284779,0.017160907,0.6847618,0.7162369
0.73769426,1.5242192,0.77295,1.0042814,0.17269598,0.017282786,0.68495655,0.7168787
0.73137456,1.5134284,0.7682874,0.997621,0.172512,0.01726449,0.6797715,0.7119177
0.7295519,1.5134945,0.7677356,0.9991919,0.17259456,0.01735615,0.67696697,0.71102494
0.72781116,1.5079542,0.76620555,0.995573,0.17243427,0.017404288,0.675375,0.7091624
0.72798955,1.5113163,0.7653334,0.99534225,0.17256847,0.017334126,0.67301357,0.707919
0.7298493,1.5095229,0.7661223,0.9944764,0.17246936,0.017351145,0.6741911,0.7075822
0.7294117,1.5064284,0.7619399,0.9906329,0.17245096,0.017372595,0.673301,0.7067757
0.73102593,1.5058923,0.7614229,0.99012864,0.17212394,0.017256,0.6708651,0.7075889
0.73303425,1.5007799,0.7576625,0.985413,0.17201045,0.017299905,0.6697273,0.70639783
0.7310782,1.5013084,0.7565995,0.9849388,0.17190704,0.017286211,0.66651803,0.7052593
0.73034436,1.4985876,0.7567368,0.9829745,0.17179254,0.0172776,0.6674695,0.7043975
0.72700566,1.4993033,0.75638276,0.9808277,0.17192055,0.017341461,0.66676337,0.7038696
0.7275252,1.5025638,0.75649124,0.9818559,0.17188805,0.017413627,0.6678636,0.7035296
0.72633636,1.5048124,0.7587813,0.9770156,0.17194535,0.017341046,0.6652989,0.70403314
0.73027813,1.5159991,0.7600168,0.98028326,0.17190889,0.017228607,0.6708429,0.7050855
0.7389948,1.520016,0.7625199,0.98223513,0.17205562,0.01717713,0.6761953,0.70836693
0.7376592,1.5170007,0.7594094,0.97864246,0.17196527,0.017036326,0.67226017,0.70786595
0.7420106,1.516894,0.7599542,0.97904414,0.17196232,0.01707678,0.6731338,0.70942605
0.7380546,1.5095767,0.7570501,0.974288,0.17177156,0.017234363,0.6675459,0.7067305
0.7385418,1.5036733,0.75710756,0.9745268,0.17178787,0.017343791,0.66637874,0.70725125
0.7395506,1.4991573,0.7578959,0.9702287,0.17178705,0.017379502,0.66656995,0.7084575
0.7367975,1.4962916,0.7577087,0.968742,0.17170925,0.017393738,0.66758573,0.7087094
0.7371535,1.4952172,0.7572808,0.9661508,0.17166764,0.01742835,0.6673931,0.7084841
0.73482275,1.4918453,0.7557109,0.9622988,0.17157109,0.01749537,0.66570956,0.70725596
0.73822874,1.4936844,0.7564749,0.96575415,0.17155486,0.017560786,0.66862315,0.7080617
0.7404528,1.4936994,0.75671315,0.9663279,0.17149472,0.017490016,0.6705601,0.7089398
0.74245584,1.4941294,0.7561568,0.9653151,0.17153718,0.017433371,0.6739812,0.7092074
0.7451124,1.4892112,0.75562906,0.96562874,0.17149357,0.01751368,0.67465264,0.7080851
0.7416509,1.4893535,0.7542304,0.97193074,0.17150792,0.017619314,0.67080855,0.7089627
0.7439118,1.4947609,0.75528586,0.97816104,0.17148529,0.017761806,0.6754174,0.7107449
0.7423306,1.4923277,0.75509846,0.97751194,0.17143658,0.017870728,0.67524546,0.7108401
0.746117,1.4995387,0.7563037,0.98096263,0.1714615,0.01804275,0.6803918,0.7127735
0.744361,1.4955944,0.75293696,0.9760046,0.17138617,0.01832785,0.6780063,0.7112704
0.7424069,1.4946235,0.75010777,0.9814954,0.17122121,0.01862339,0.67499787,0.71031916
0.7433729,1.4985242,0.74746084,0.9885022,0.171085,0.018775446,0.6780023,0.7117402
0.7477035,1.5012776,0.7487866,0.99133736,0.17099705,0.018851042,0.68323916,0.7130386
0.7487086,1.5042461,0.7465978,0.99938804,0.1708438,0.01882153,0.68555987,0.71361244
0.74570894,1.5033396,0.7441022,0.9982738,0.17069271,0.01878071,0.6853761,0.7120564
0.7433229,1.5051975,0.7419789,1.0035028,0.1706621,0.018888537,0.68429023,0.7120362
0.74101245,1.503445,0.7412172,1.0052427,0.1705263,0.018977337,0.6836928,0.7116642
0.74062663,1.5004915,0.7408026,1.0011694,0.1704199,0.01899489,0.68405986,0.71268415
0.7383645,1.4963953,0.73851883,0.99646914,0.17019765,0.018967882,0.6860909,0.71101075
0.73239046,1.49139,0.73354876,0.9913809,0.16992281,0.019021392,0.67886335,0.7070006
0.73388755,1.4872376,0.73181903,0.9880297,0.16981825,0.019104706,0.68142074,0.7072442
0.7357748,1.4872813,0.7308145,0.99069977,0.16965733,0.019117868,0.6825275,0.70729566
0.7368531,1.4852027,0.7305362,0.9914918,0.16967842,0.019053172,0.68442595,0.70848584
0.73941106,1.4881212,0.7317491,0.9955842,0.16961476,0.019058041,0.6890983,0.7106695
0.74202144,1.4808971,0.7291637,0.9956243,0.16964114,0.01908433,0.6927083,0.71141875
0.74041253,1.4744484,0.7324865,0.992523,0.16974156,0.019053513,0.6908372,0.71095514
0.74475986,1.4810797,0.7331133,0.9999368,0.16979448,0.019097876,0.6923501,0.71409637
0.7434467,1.472072,0.732465,0.9925552,0.16977929,0.019073501,0.6929673,0.7119539
0.7445502,1.475657,0.73322695,0.997492,0.16975628,0.019139292,0.69190127,0.7126136
0.7441485,1.473467,0.7313014,0.9966531,0.1697345,0.019166537,0.6925179,0.7123148
0.7442921,1.4768124,0.73028713,0.9973191,0.16957578,0.0191557,0.69178027,0.7117388
0.7450063,1.4770197,0.7291684,0.99966687,0.16952512,0.019218687,0.6954771,0.71152526
0.7470646,1.4813781,0.7312014,1.0028471,0.16954215,0.019331235,0.6958112,0.7115245
0.74886453,1.4802835,0.73112714,1.0005409,0.16946135,0.019425418,0.69847614,0.7108121
0.74712396,1.476962,0.7322364,0.99745995,0.16943085,0.019469436,0.6981183,0.70923024
0.74828947,1.4768198,0.732873,0.9975461,0.16938871,0.01951541,0.6988536,0.7097003
0.7477463,1.4730855,0.732408,0.99393314,0.16936149,0.019576356,0.6988197,0.7080791
0.7452888,1.4703333,0.73086023,0.9934271,0.16901147,0.019669281,0.69525325,0.70644945
0.7390245,1.4654255,0.72697014,0.98738647,0.16877282,0.01969652,0.6906949,0.7048863
0.73821545,1.4590955,0.7246089,0.98632675,0.16858093,0.01982472,0.6884236,0.70289105
0.72997415,1.4560658,0.72008044,0.9849376,0.16798198,0.01988326,0.6836312,0.70153666
0.73170465,1.4504466,0.7215191,0.98743427,0.16784792,0.020032112,0.68501,0.7021533
0.7256205,1.4478744,0.7173065,0.9896806,0.16754597,0.020055348,0.6785723,0.69963115
0.72520036,1.4471295,0.71872646,0.98821753,0.16749924,0.020098139,0.67807317,0.69955593
0.7253148,1.4500272,0.7175877,0.9889766,0.16772589,0.020080006,0.67704064,0.700361
0.7228618,1.4440551,0.7155263,0.9881895,0.16744319,0.020112336,0.6749555,0.70088446
0.7232726,1.4443018,0.7156764,0.9869328,0.1675941,0.020050358,0.6746124,0.7009835
0.7198999,1.4448068,0.7110976,0.989492,0.16711336,0.020111857,0.6698608,0.6998914
0.71565914,1.4357984,0.7084478,0.9901161,0.16695659,0.020251578,0.66728646,0.6992014
0.7127757,1.4334391,0.7047226,0.9935065,0.16695048,0.02029156,0.66505885,0.6979635
0.71340644,1.4282079,0.7041171,0.9922839,0.16698067,0.020342391,0.66655946,0.698617
0.7139044,1.4272736,0.70381624,0.9919761,0.16706355,0.020278392,0.6675339,0.6981896
0.7183691,1.4253591,0.7047503,0.98866236,0.16728127,0.020359214,0.669355,0.69974935
0.7180039,1.4202986,0.702046,0.9902335,0.16755179,0.02043261,0.666261,0.6992517
0.7207165,1.4211972,0.7054697,0.98285866,0.16762817,0.020572577,0.6694881,0.7004832
0.7246947,1.4212109,0.709404,0.9786434,0.16755696,0.020578159,0.6703,0.70224595
0.7220837,1.4228401,0.70946574,0.97727895,0.16760403,0.02060062,0.6676614,0.7017923
0.72377604,1.4191338,0.7115086,0.9754746,0.16732207,0.020646036,0.66958714,0.70182836
0.71579313,1.4163622,0.7069672,0.97986007,0.16700923,0.020726964,0.663747,0.70027655
0.71636087,1.4189773,0.7104572,0.97747266,0.167117,0.020589128,0.66408443,0.7005405
0.7198421,1.4171412,0.714965,0.9788465,0.16694285,0.020576354,0.6670963,0.7002471
0.72129005,1.4244578,0.7161032,0.9795494,0.1670476,0.020488996,0.6656084,0.70170426
0.7269061,1.4183987,0.7194157,0.97530746,0.1671101,0.020436343,0.6656097,0.7014912
0.7251803,1.4195067,0.7192307,0.9733201,0.16720815,0.020416513,0.6643128,0.70328
0.7288897,1.4206202,0.7238612,0.9696827,0.16712014,0.02042698,0.66629875,0.7035268
0.72891504,1.4250109,0.72400945,0.9696199,0.16720858,0.02038202,0.6663456,0.70435166
0.7263774,1.4258949,0.7202266,0.971244,0.16716957,0.020338688,0.6647736,0.7029179
0.7270077,1.4324964,0.72165096,0.9744479,0.16717817,0.020348523,0.6694571,0.70367885
0.7282433,1.432265,0.72147447,0.98238444,0.1672982,0.020369638,0.67239124,0.7063702
0.72722656,1.4310794,0.7221265,0.9878871,0.16735928,0.020509157,0.6726384,0.7083064
0.7242408,1.4267085,0.7184765,0.9881652,0.16732584,0.020588137,0.67174494,0.7078939
0.7258025,1.43066,0.72027946,0.9905033,0.16728652,0.020728702,0.67163754,0.70792985
0.72606593,1.4272337,0.72033954,0.9891687,0.16728598,0.020879647,0.6720165,0.70780146
0.72981167,1.4327192,0.7252633,0.9990003,0.16730331,0.02106712,0.67807996,0.71262324
0.72572684,1.432676,0.7243286,1.0004653,0.16724741,0.021147083,0.67456204,0.71346325
0.72854376,1.4366841,0.7252493,1.0044475,0.16722785,0.021352774,0.6820055,0.7144833
0.7287821,1.442729,0.72734714,1.0095065,0.16729163,0.021587828,0.68045855,0.71800184
0.7277467,1.4372625,0.7262971,1.0067987,0.16723742,0.02171181,0.68011296,0.7148351
0.73077494,1.4426306,0.72975576,1.0147941,0.16725084,0.021768846,0.6817074,0.7180646
0.728988,1.4347588,0.72704196,1.00907,0.16771701,0.021815935,0.67904174,0.71685493
0.72959185,1.4259057,0.7257643,1.0046473,0.1679945,0.021874413,0.6762334,0.7166909
0.72903866,1.4192313,0.72869664,1.0024832,0.16781738,0.021835517,0.67280054,0.7140026
0.7315917,1.4222375,0.72851557,0.99568975,0.16790617,0.021817245,0.67328095,0.713006
0.73098385,1.4200819,0.7295103,0.99941206,0.16779345,0.021720797,0.674035,0.7152835
0.73253334,1.4269183,0.7311605,0.9950288,0.16805251,0.021609947,0.67496985,0.71244186
0.7345982,1.4309638,0.73179376,0.998116,0.16823167,0.021524906,0.6772357,0.714373
0.7375715,1.4250203,0.7346993,0.99314195,0.16804981,0.021384379,0.6796314,0.71408284
0.74014604,1.4158211,0.73486173,0.98964953,0.16843332,0.021444213,0.6813908,0.7129015
0.7367153,1.4109532,0.7346129,0.99574417,0.16809954,0.021647383,0.6787048,0.7115074
0.74097,1.4044949,0.7376368,0.9939325,0.16830711,0.021876816,0.6829295,0.71406186
0.73388535,1.3989449,0.73722327,0.99529475,0.16811207,0.021995902,0.67877173,0.71236503
0.73527765,1.3947304,0.7407132,0.99304384,0.16797917,0.022161713,0.6807131,0.713168
0.7351358,1.3940957,0.740618,0.9962547,0.16774383,0.022377936,0.6819722,0.71447873
0.7340391,1.3943743,0.7391521,1.0003945,0.16743375,0.022540662,0.6792078,0.7148133
0.7376627,1.3952318,0.7442978,1.0007358,0.16758627,0.022479171,0.6832965,0.7177666
0.73763907,1.3961265,0.74157685,0.99987066,0.16734745,0.02238128,0.67974705,0.7163953
0.74477035,1.3965256,0.7459205,1.000465,0.16771887,0.022261929,0.68539304,0.71912146
0.74792844,1.3983017,0.748759,0.9999036,0.16818213,0.0220875,0.6873842,0.72104585
0.7495832,1.3975424,0.7497827,0.99879414,0.16830823,0.021982944,0.6873532,0.72242427
0.7500007,1.4025692,0.75343275,0.9987615,0.1683842,0.021998603,0.6886239,0.72356176
0.75100505,1.4065362,0.75465226,0.9938846,0.16863188,0.022006718,0.68789434,0.7230629
0.7533776,1.4103013,0.75300556,0.99414563,0.16842802,0.022095155,0.68687826,0.7227632
0.75773,1.4183763,0.75607073,0.9949674,0.16859809,0.022157801,0.69002616,0.72426045
0.76101464,1.4229898,0.7527562,0.99652845,0.16862534,0.022408674,0.6877237,0.72583985
0.76612025,1.4295682,0.7547842,1.0033685,0.16888008,0.022395305,0.69153744,0.7280626
0.77292943,1.431555,0.75700665,1.0032175,0.16900721,0.02246304,0.6935108,0.7305254
0.77346456,1.4297987,0.75649977,1.0063685,0.16917163,0.022426922,0.69425905,0.7299401
0.77498454,1.4225829,0.7586386,1.0040183,0.16922547,0.022526303,0.6966396,0.73141515
0.76747876,1.4145583,0.75494945,1.0037078,0.16890067,0.02266472,0.687102,0.7275903
0.7612174,1.4043248,0.7539253,1.0034666,0.16877668,0.022833416,0.68205446,0.7257623
0.7680451,1.4122612,0.7622399,1.0062492,0.1687774,0.022778383,0.6884457,0.72922415
0.76590717,1.4174517,0.7633529,1.0126936,0.16901866,0.022619572,0.68571097,0.72968704
0.770659,1.4228984,0.7677945,1.0121377,0.16913055,0.022555806,0.68839496,0.7311455
0.7696291,1.4241482,0.76605266,1.0159414,0.16918798,0.02265449,0.6863219,0.731141
0.77164453,1.4232249,0.7662697,1.0152693,0.16906545,0.022617506,0.68657553,0.7325825
0.77510273,1.4218774,0.7696633,1.0165144,0.16914752,0.022699455,0.6903832,0.73562014
0.77578783,1.4151759,0.7673883,1.0163829,0.16910054,0.022903044,0.6913794,0.73603755
0.7717116,1.4081377,0.76455253,1.010555,0.16879217,0.022856371,0.6902507,0.73362094
0.77250105,1.4132314,0.7648032,1.0153731,0.16901219,0.023052372,0.69195575,0.73630226
0.7706204,1.4083811,0.7639852,1.0104674,0.1688055,0.023028763,0.6903533,0.7332966
0.773815,1.4134079,0.76569366,1.015495,0.16896279,0.023050526,0.6925025,0.7353838
0.77659273,1.4176447,0.7684357,1.0157495,0.16916987,0.023051733,0.69376767,0.7351187
0.77807367,1.4245175,0.76769024,1.0196004,0.16922703,0.023072243,0.6961711,0.73675525
0.7824501,1.4221951,0.770729,1.0183238,0.16927554,0.022904884,0.6990705,0.737533
0.77754974,1.4178158,0.76608354,1.0189872,0.16945875,0.02282673,0.694605,0.73605424
0.78273153,1.4150372,0.76800305,1.0225452,0.16931632,0.023067752,0.69886684,0.7392085
0.7773193,1.4008764,0.76343066,1.0184433,0.1690831,0.023144636,0.6926625,0.7350669
0.7806153,1.4100246,0.7667503,1.0232866,0.16910037,0.02328949,0.6986322,0.73818797
0.7803403,1.4163449,0.76924354,1.0248091,0.16921876,0.023372406,0.6998129,0.73991853
0.7786984,1.4211437,0.7702468,1.0299252,0.16962814,0.023568772,0.6992786,0.7405228
0.78213435,1.4202766,0.77283126,1.0324068,0.16948965,0.023653548,0.70313513,0.74360347
0.78475773,1.4241259,0.77736336,1.0384904,0.1700326,0.023965228,0.70654416,0.74722624
0.78347754,1.4203953,0.77792186,1.038835,0.170023,0.023968684,0.7055932,0.74662167
0.7850102,1.4150633,0.7802409,1.0393052,0.16990368,0.024057064,0.70568955,0.74756575
0.7809402,1.41169,0.7770915,1.0394272,0.16992432,0.024094295,0.7029009,0.74608225
0.78069365,1.4047434,0.775503,1.0381013,0.16968095,0.024027467,0.70082945,0.7458527
0.78069115,1.4053952,0.7768809,1.0348108,0.1696855,0.023915067,0.6989999,0.7440886
0.7763853,1.400727,0.7744234,1.029337,0.16929284,0.023750748,0.69795865,0.7410305
0.7804694,1.4059377,0.77758205,1.0264524,0.16936122,0.02365262,0.69769955,0.73958236
0.7786171,1.4049078,0.7750223,1.0254743,0.16945523,0.023577109,0.69661236,0.73788875
0.78352207,1.4102185,0.77975196,1.0257484,0.16950102,0.023477742,0.70194584,0.7408966
0.78566235,1.411969,0.7823294,1.0266166,0.16977037,0.023415081,0.70439744,0.7411361
0.79039305,1.4156072,0.7863806,1.0278263,0.16981827,0.02342068,0.7092098,0.7432296
0.79562193,1.4244215,0.7901761,1.0298517,0.16985366,0.023301763,0.71463466,0.74647385
0.8002099,1.4254997,0.7948606,1.0287805,0.17000222,0.02315998,0.7171534,0.7466329
0.7996435,1.4275907,0.79322267,1.0231867,0.16979879,0.023177905,0.71583295,0.7462039
0.79611516,1.4226222,0.79056925,1.0202159,0.16947025,0.0232135,0.7095687,0.74188733
0.79557294,1.4269453,0.79130566,1.0168856,0.16930085,0.023165874,0.70921236,0.7418475
0.79423976,1.423723,0.7899976,1.0179061,0.16937713,0.02304278,0.7072002,0.7414701
0.7926623,1.4269679,0.7900651,1.0178744,0.1694745,0.02296185,0.70528054,0.74244934
0.7914882,1.4294957,0.7885025,1.0211576,0.16957822,0.022864258,0.7041103,0.7424817
0.7893378,1.4346608,0.7931664,1.0240855,0.16960074,0.022800388,0.7053044,0.7461485
0.7845286,1.4376026,0.7944318,1.0233983,0.16971278,0.02269501,0.7056617,0.74595165
0.7862802,1.4413191,0.7984768,1.0290834,0.16980845,0.022746619,0.70982873,0.7476245
0.7836055,1.4442602,0.7991836,1.0269362,0.16972126,0.022648498,0.7087706,0.7471746
0.78461224,1.443503,0.799536,1.0262537,0.16970867,0.022746045,0.70882785,0.74554104
0.7834188,1.4452734,0.79914665,1.0256257,0.16959028,0.022648836,0.7078271,0.7441116
0.7811223,1.4449267,0.79796654,1.0300652,0.16952807,0.022762064,0.7085438,0.74329144
0.7772627,1.4415913,0.79333603,1.0310584,0.16951044,0.022841573,0.70896906,0.7414906
0.775239,1.4387332,0.78949,1.0307549,0.16944848,0.022865742,0.7069118,0.7403975
0.77441853,1.4405451,0.7896064,1.0301887,0.16963474,0.02295698,0.7122979,0.7427556
0.7709376,1.4399592,0.7894522,1.0300506,0.16960466,0.02290882,0.7107521,0.74265283
0.77088785,1.4384052,0.7904206,1.0291569,0.16959172,0.022985335,0.7127065,0.74329185
0.7645138,1.4332325,0.78458893,1.0285828,0.16933502,0.022799013,0.7064748,0.7400885
0.76867014,1.4356313,0.7857458,1.0248302,0.16921078,0.022717567,0.7052178,0.7398971
0.7660276,1.4317962,0.784824,1.0198021,0.16906138,0.022591688,0.7012769,0.73706543
0.76311046,1.4306928,0.7817801,1.0198841,0.1689712,0.022382027,0.69804054,0.73523253
0.7620176,1.4308499,0.7827825,1.0143878,0.16862977,0.022353241,0.69750667,0.7338855
0.75581735,1.4259022,0.7768235,1.0144085,0.16853292,0.022348452,0.69310164,0.7323835
0.7563871,1.4260192,0.77855706,1.0104496,0.16839442,0.022311088,0.6926192,0.7318608
0.7560626,1.4292245,0.7807671,1.0105253,0.16874196,0.022306316,0.69533294,0.73378474
0.75921357,1.4349045,0.78522843,1.0128169,0.16881922,0.02224268,0.69938815,0.7342383
0.75563914,1.4401593,0.786418,1.0131857,0.16866925,0.02203046,0.6980371,0.7341545
0.75863653,1.4478996,0.78569686,1.0135801,0.16879117,0.021903653,0.70093584,0.7339265
0.75576013,1.4460288,0.7829168,1.0132763,0.1684851,0.021741636,0.69841963,0.7318344
0.7536091,1.4424555,0.78022474,1.0127552,0.16853279,0.021660332,0.69868505,0.7320375
0.75441486,1.443245,0.77978146,1.0106058,0.16846961,0.021459278,0.69879454,0.7311594
0.75309277,1.4426185,0.7776461,1.0100634,0.16831875,0.021469146,0.6995784,0.7315652
0.7447284,1.4426475,0.77209866,1.0057166,0.1680956,0.021361973,0.69440776,0.7293911
0.74623215,1.4473417,0.7704006,1.0020144,0.16818537,0.021312822,0.69406,0.7294158
0.7470257,1.4508648,0.7744666,1.0018171,0.16822556,0.021328844,0.695415,0.7302685
0.74382323,1.4525263,0.7722823,0.9998654,0.16810967,0.021302782,0.69105786,0.7290323
0.7452856,1.4514716,0.7734884,0.9991372,0.16806696,0.021292781,0.69185156,0.72880787
0.7433021,1.4517875,0.772498,0.9981014,0.16796526,0.021260336,0.68955266,0.7274882
0.7405281,1.4521097,0.77060395,0.99877685,0.1677045,0.021093838,0.68802035,0.72562444
0.7431036,1.4428105,0.7719833,0.9988943,0.16759047,0.021043954,0.68994236,0.72810584
0.74552375,1.4378765,0.77295464,1.0019133,0.16772111,0.021063175,0.69337523,0.7286259
0.74414796,1.4364879,0.7744608,1.003108,0.16747645,0.021059515,0.69391865,0.7287738
0.7478234,1.4386181,0.7764119,1.0049043,0.1676132,0.021207549,0.69670314,0.7327932
0.7490036,1.4440846,0.78023857,1.0098534,0.16765405,0.02124186,0.7012062,0.73440117
0.7472292,1.4449158,0.7796982,1.0084746,0.16759466,0.021358782,0.7017693,0.73511654
0.7508882,1.4410305,0.7812397,1.0106838,0.1677015,0.021622457,0.70404863,0.7356232
0.75444764,1.4381293,0.7810464,1.0126263,0.16743918,0.021805204,0.7039745,0.73535377
0.75871557,1.4413484,0.7821545,1.0163375,0.16748056,0.021884257,0.7082486,0.7371801
0.7594195,1.4373815,0.7829163,1.019921,0.16753463,0.022052983,0.7156233,0.7383548
0.755986,1.4288474,0.78142786,1.0183505,0.16742638,0.02222685,0.71717274,0.73739666
0.75961727,1.4258848,0.7841276,1.023268,0.16756047,0.022474624,0.71968836,0.73833805
0.75903255,1.4279679,0.7852401,1.0228325,0.16751316,0.022627762,0.71968555,0.7386382
0.7605765,1.4284478,0.7881685,1.0265609,0.16745736,0.022780307,0.720609,0.7414515
0.7585954,1.4279094,0.78871405,1.0263389,0.16723192,0.022827785,0.71816796,0.7412384
0.75989103,1.4261513,0.78722286,1.0255057,0.16727692,0.02288262,0.717855,0.74087846
0.7592677,1.4212832,0.7862262,1.0255369,0.16720948,0.02289737,0.7150951,0.74057794
0.7590166,1.425725,0.78366756,1.0230012,0.16705513,0.022827286,0.7164577,0.7392407
0.76177245,1.4234142,0.7848469,1.0263067,0.16712296,0.022897394,0.7170574,0.73960704
0.7573308,1.4210762,0.7815043,1.0242223,0.16696209,0.022987211,0.7178333,0.7393825
0.7587667,1.4275358,0.78119016,1.0243254,0.16715182,0.022858227,0.7192573,0.7396688
0.7596139,1.4320045,0.78100634,1.0221382,0.1670824,0.022723917,0.722466,0.7422155
0.75913453,1.435763,0.7803954,1.0257795,0.16710947,0.022571616,0.7221504,0.7433636
0.7658673,1.4505787,0.7823559,1.0271543,0.16719505,0.022198979,0.7259159,0.7460835
0.76705325,1.4266979,0.78133327,1.0258806,0.16671,0.022418745,0.7269853,0.7469552
0.7668538,1.4069644,0.7799886,1.0249841,0.16653499,0.022618573,0.72516334,0.7455174
0.7694962,1.411413,0.7802774,1.0244476,0.16634947,0.022755839,0.7290719,0.7458599
0.76594967,1.3851359,0.7795827,1.023252,0.16613995,0.02308808,0.7249865,0.742689
0.76676375,1.3942525,0.7812896,1.0210388,0.16609402,0.023328368,0.72755253,0.74363333
0.7668674,1.3780311,0.78235644,1.0201555,0.16600378,0.023473054,0.72833484,0.7439579
0.76753247,1.3619491,0.7812014,1.0161444,0.16600786,0.02359172,0.7310043,0.74301064
0.7709054,1.364507,0.7831887,1.0189162,0.16581964,0.023864124,0.73309267,0.7442651
0.7697184,1.3303016,0.7804029,1.01749,0.16553001,0.024136465,0.7314419,0.74344605
0.7693734,1.330269,0.77875835,1.0169572,0.16545476,0.024188774,0.73155344,0.7434855
0.77008927,1.3170272,0.77912396,1.0171677,0.16522297,0.02448981,0.7331269,0.7446155
0.76491076,1.3002896,0.7763788,1.0154665,0.16494444,0.024758361,0.72843075,0.7419988
0.7654415,1.2950072,0.77560496,1.0145468,0.16476947,0.024878994,0.726522,0.74245644
0.76458824,1.3043706,0.77645427,1.0163999,0.16481782,0.02512166,0.72977436,0.74409956
0.769035,1.3220351,0.7787341,1.0154321,0.1649401,0.024898998,0.7357408,0.7457736
0.77388746,1.3245863,0.7798213,1.0157523,0.16496065,0.024799276,0.7407759,0.7483125
0.77833533,1.3407713,0.78218514,1.018059,0.16517532,0.024951795,0.74663514,0.74974173
0.7806444,1.3365564,0.7804985,1.0185977,0.1651,0.025299996,0.7451939,0.7495473
0.78164065,1.3308338,0.7798299,1.017536,0.16497876,0.025207965,0.7464169,0.7479641
0.782584,1.3293593,0.778869,1.0150182,0.1651215,0.0254407,0.7476722,0.74832016
0.7840785,1.3287332,0.7796539,1.0158955,0.16500878,0.02553977,0.7439366,0.7475929
0.77714574,1.302715,0.77623403,1.0095532,0.16478851,0.025732854,0.73801726,0.7458608
0.7775642,1.3080133,0.77377665,1.0099865,0.16471298,0.025671137,0.7343373,0.7454316
0.77736914,1.3121756,0.77446246,1.0082837,0.16479173,0.025589857,0.735296,0.745978
0.77855825,1.3093573,0.77494437,1.0071208,0.16461037,0.025354601,0.73587245,0.7459985
0.7785909,1.3193778,0.7764987,1.0090964,0.16468136,0.025169158,0.73465735,0.7464914
0.7784613,1.3247011,0.77763194,1.007448,0.1649023,0.025043234,0.7331346,0.7463084
0.775777,1.3195641,0.77749795,1.009761,0.16487482,0.024933683,0.72609705,0.7439579
0.7751562,1.3258035,0.7776793,1.0102319,0.16504374,0.024926096,0.72484416,0.7446258
0.77399063,1.3176003,0.77564836,1.0096296,0.16481292,0.02488069,0.7217918,0.74313396
0.77234995,1.3143876,0.77652323,1.0103121,0.16474472,0.024937313,0.7205276,0.7431472
0.77048886,1.3064082,0.7729342,1.0092545,0.16487475,0.025007527,0.7204256,0.7417811
0.77036816,1.3043567,0.7692046,1.0068976,0.16482684,0.025093716,0.7187525,0.74103147
0.7703984,1.2989925,0.7667163,1.002749,0.16494654,0.025108952,0.72284806,0.74135995
0.76874465,1.2996901,0.7653107,1.0054605,0.16506425,0.025146723,0.7259101,0.7411085
0.7750725,1.3075235,0.7681959,1.0098108,0.16519572,0.025275353,0.73107487,0.74429977
0.7752067,1.3074263,0.76814806,1.0127913,0.16550493,0.025235428,0.7348034,0.7449561
0.77859795,1.3129272,0.77107495,1.0144022,0.16558228,0.025353715,0.73530453,0.74657184
0.7776733,1.3117296,0.76967025,1.0146487,0.16558737,0.025461905,0.73560566,0.7470874
0.78148687,1.3216796,0.7705662,1.0184879,0.16565603,0.025521008,0.73842025,0.74878204
0.78258467,1.3192906,0.7723952,1.0198516,0.16581886,0.025745224,0.73916185,0.7495782
0.7844445,1.320991,0.77517736,1.019553,0.16574664,0.025969397,0.7387307,0.7503512
0.7861297,1.3131545,0.773544,1.0180178,0.1656895,0.026090987,0.73746324,0.75018024
0.78475463,1.3114872,0.7719008,1.0170239,0.16559893,0.026178297,0.7385629,0.7500627
0.7852778,1.3118435,0.7726565,1.0185231,0.16548558,0.026265794,0.7377246,0.75072706
0.7862736,1.3141733,0.772605,1.0186819,0.16557407,0.026274733,0.73748267,0.7507157
0.78516084,1.3040442,0.77248526,1.0175925,0.16559131,0.02626492,0.7348943,0.7497632
0.7886218,1.3063372,0.7732773,1.0174646,0.16570485,0.026338622,0.7378223,0.7504375
0.78625554,1.3018222,0.7724646,1.0140047,0.16555259,0.026247822,0.7329266,0.7482063
0.7857337,1.2949692,0.7729404,1.0137832,0.16558385,0.02635551,0.7339971,0.746853
0.7844989,1.2949731,0.77207375,1.0102028,0.16536343,0.026428588,0.7322891,0.7456282
0.78483665,1.290017,0.7733233,1.0088267,0.16529673,0.026467275,0.7320387,0.74567777
0.7870602,1.2884351,0.77331084,1.0112767,0.16548008,0.026581181,0.73417914,0.7465631
0.79124117,1.2895969,0.777565,1.0161462,0.16571744,0.026655462,0.74001956,0.74894285
0.7880852,1.2951599,0.77847624,1.0214438,0.16587397,0.026793193,0.7417432,0.7496196
0.7897726,1.300359,0.7826172,1.0277491,0.16606803,0.026887929,0.743362,0.7509305
0.7902684,1.3040411,0.7853971,1.032803,0.16615096,0.027014054,0.7486771,0.75199753
0.78727293,1.3036819,0.7836104,1.0313895,0.16632558,0.026986122,0.7457046,0.7503517
0.78884196,1.3054016,0.7870562,1.0342746,0.16630298,0.027114758,0.7486227,0.75135624
0.7847767,1.3049036,0.78281283,1.0327233,0.16599903,0.027068162,0.7458502,0.74898726
0.7866671,1.3101724,0.7830118,1.0326045,0.16607921,0.02696152,0.7470039,0.7486748
0.78470564,1.3142474,0.78150153,1.0297825,0.16568464,0.02693105,0.74629736,0.7476227
0.7848646,1.3087009,0.7797548,1.0267575,0.16570777,0.026866768,0.74604607,0.74651027
0.7866088,1.3151647,0.7796942,1.0266372,0.16571957,0.026798725,0.7473805,0.747322
0.7848421,1.3110495,0.77612686,1.0218691,0.16539384,0.026748192,0.74441457,0.7448492
0.7861352,1.3152621,0.7783629,1.0233485,0.16578451,0.026779016,0.7464651,0.7453998
0.78328574,1.3091372,0.77704537,1.0189325,0.16540758,0.026647715,0.74517405,0.74349463
0.7821303,1.3059051,0.77497673,1.0161767,0.16554286,0.026561247,0.7441168,0.7423748
0.780234,1.3062667,0.7740391,1.0143061,0.1654563,0.026476957,0.74545413,0.74220335
0.7808972,1.3071902,0.77330726,1.0100342,0.16534969,0.026197815,0.74402916,0.74113566
0.7826949,1.3150628,0.7770178,1.0135657,0.1654521,0.026052833,0.74658495,0.7425629
0.7813312,1.3139687,0.7755592,1.0109743,0.1652551,0.025896346,0.7464119,0.74182945
0.7832365,1.3159537,0.7779773,1.0124474,0.16549493,0.025788467,0.7465762,0.7421293
0.7803055,1.313279,0.77750516,1.0111712,0.16530679,0.025702205,0.7456599,0.74205637
0.78594553,1.3225363,0.7811213,1.0177288,0.16544312,0.025671147,0.750976,0.7445933
0.7840827,1.3212999,0.7817972,1.0186099,0.16546822,0.025554357,0.75221556,0.7449707
0.78662455,1.3216634,0.78109455,1.0213581,0.16564037,0.025541628,0.75549245,0.74577975
0.78241116,1.3229985,0.7793569,1.0205631,0.1653611,0.025641356,0.75342995,0.74379814
0.78046334,1.3216764,0.7768484,1.018881,0.1653454,0.02571162,0.75283426,0.7428756
0.78303117,1.3294038,0.7792617,1.0215479,0.16519989,0.025838325,0.7544317,0.7438725
0.7808104,1.3272666,0.7760003,1.0225106,0.16529939,0.025950003,0.75393933,0.7428928
0.78152347,1.3230283,0.77682865,1.0213184,0.16550714,0.025992487,0.75231653,0.7420441
0.77941513,1.3222876,0.77431846,1.0199775,0.16530499,0.026066298,0.7512179,0.74179006
0.7788864,1.3166233,0.7726534,1.0218463,0.16542971,0.026091706,0.7520151,0.7416545
0.7789598,1.3146682,0.7729001,1.0191166,0.16536021,0.026144296,0.7504284,0.7410724
0.77509826,1.302935,0.76709294,1.016406,0.1649203,0.026215222,0.74801123,0.73877364
0.7732536,1.3028245,0.76710534,1.014873,0.1649666,0.026247708,0.746823,0.73800135
0.7721039,1.3024325,0.7640622,1.0125332,0.16525048,0.026237715,0.7458259,0.7375011
0.77084357,1.3005434,0.7632539,1.0123171,0.16511641,0.02619768,0.7440803,0.7365569
0.7738105,1.3023571,0.76337594,1.0123293,0.16526102,0.026338177,0.7465608,0.7378093
0.77739733,1.3038032,0.7673724,1.0160912,0.16521621,0.026401088,0.7471876,0.7392962
0.7816083,1.3048387,0.7702567,1.0191244,0.16524898,0.026566036,0.7471719,0.7403021
0.7829933,1.2986001,0.7682791,1.0185556,0.16544652,0.026687386,0.74774086,0.74122465
0.7872226,1.3009944,0.7711916,1.0209154,0.16516389,0.026776267,0.75054806,0.7429123
0.7867518,1.2964545,0.7692446,1.0191529,0.16541593,0.02678346,0.75064033,0.7424811
0.7909149,1.3011149,0.77098024,1.0223001,0.16506226,0.026837364,0.75381047,0.74390125
0.78940433,1.2984982,0.7685136,1.0203347,0.16527165,0.02679616,0.7505096,0.74241185
0.7887946,1.2992426,0.7682882,1.0228226,0.16530795,0.026911665,0.74875176,0.7424593
0.788431,1.3028675,0.77045786,1.0251738,0.16539003,0.026959337,0.749233,0.74143237
0.7882437,1.2990624,0.7687871,1.0245496,0.16561821,0.026937587,0.74797994,0.74145657
0.78939366,1.3049585,0.7705863,1.0269139,0.16578536,0.026923556,0.75015193,0.7415282
0.7880331,1.2959144,0.76874334,1.0238166,0.1656076,0.026993133,0.7461557,0.7397875
0.7867308,1.2890842,0.76756996,1.0212585,0.16526318,0.02706378,0.74575824,0.73822725
0.7844969,1.2845765,0.76581126,1.0187298,0.16516511,0.027073778,0.7441522,0.7369984
0.78464556,1.2821274,0.7662749,1.0163809,0.16519183,0.027200732,0.743492,0.73693556
0.7820961,1.27173,0.76481664,1.0144211,0.16536057,0.027294997,0.7426878,0.73569125
0.7836909,1.2655606,0.7637227,1.0143758,0.1648979,0.027460435,0.7429499,0.7363372
0.7839077,1.2617806,0.7664822,1.0137327,0.16520087,0.027525513,0.74257845,0.7357886
0.7834957,1.2505962,0.7670622,1.0120298,0.16476965,0.027775288,0.73809344,0.73605037
0.7823482,1.2439204,0.76604944,1.0110663,0.16464067,0.027930388,0.7360352,0.7342401
0.78224707,1.2411432,0.7650169,1.0089101,0.16457336,0.028065773,0.7352324,0.7341782
0.7849344,1.238603,0.76705956,1.0121878,0.16446385,0.028156651,0.73453784,0.7338065
0.78445375,1.2324548,0.7654959,1.0089988,0.16433185,0.028206289,0.73347104,0.731361
0.784942,1.2261928,0.7654087,1.0075434,0.16417119,0.0283205,0.73147494,0.7314297
0.78433883,1.2272509,0.7645451,1.0087019,0.16416053,0.028409716,0.73239607,0.73048216
0.7875893,1.2312448,0.7676444,1.0093689,0.16398002,0.028435064,0.7367374,0.7314517
0.7905865,1.2297945,0.7678577,1.0086874,0.16402312,0.02845823,0.74005866,0.7317407
0.7917603,1.2337829,0.76886576,1.0068738,0.16408315,0.028408943,0.7410644,0.7298148
0.78834575,1.2332419,0.7670055,1.006688,0.16390698,0.028512578,0.73991895,0.7295966
0.789366,1.2345804,0.76619256,1.0040778,0.16367345,0.02851787,0.740218,0.7276302
0.7879797,1.2370089,0.76476026,1.0056199,0.16401073,0.028507065,0.74041474,0.7281792
0.7901678,1.2404286,0.7640103,1.0059204,0.16378286,0.02858681,0.74136347,0.72801197
0.7903148,1.2346715,0.76410013,1.0059359,0.163706,0.028656742,0.7412915,0.72840536
0.7889344,1.2322687,0.760051,1.0040822,0.16367549,0.028616367,0.7408423,0.7286701
0.78948224,1.2324044,0.7593985,1.0054514,0.16363,0.02868725,0.7397636,0.7285878
0.7846095,1.2266973,0.7575136,1.0041426,0.16334859,0.028837368,0.7396798,0.72882164
0.7854442,1.2220212,0.75509095,1.0044777,0.16351092,0.028860342,0.7388252,0.72812086
0.783553,1.2230865,0.7544137,1.0061325,0.16338333,0.028889373,0.73862576,0.72828585
0.784345,1.2214367,0.7553867,1.0039855,0.1630812,0.028936198,0.73620224,0.7276496
0.7824026,1.2165607,0.752935,1.0067099,0.16339312,0.028982567,0.7319908,0.7268009
0.7870235,1.2227794,0.75598896,1.0117291,0.16336147,0.029003372,0.73823285,0.72850287
0.7893822,1.2277851,0.7569099,1.0144323,0.16375515,0.02897831,0.7427238,0.7302199
0.7900941,1.2328879,0.7588762,1.0162766,0.16353992,0.028903142,0.7449459,0.7296289
0.791709,1.2365252,0.758467,1.0173044,0.1637145,0.028961875,0.7475325,0.7310304
0.79157823,1.2395649,0.75878954,1.0203722,0.16386093,0.029051607,0.74807256,0.73051804
0.7914473,1.2375485,0.75808066,1.0208625,0.16348283,0.029101823,0.7508392,0.7299779
0.7930186,1.2379118,0.75795203,1.0180799,0.16356902,0.029092338,0.75323576,0.7291056
0.79409826,1.2407825,0.75792867,1.0194355,0.16339505,0.029090218,0.7530795,0.7287921
0.7898493,1.245784,0.7545665,1.0157963,0.16336207,0.029047435,0.75055736,0.7260449
0.7875518,1.2505347,0.7527975,1.0140201,0.1629773,0.02897793,0.7453188,0.7236634
0.7878664,1.2543325,0.7521857,1.0142158,0.16309604,0.02890683,0.7448988,0.72353333
0.78748393,1.2540302,0.75219786,1.0126574,0.1630146,0.02872882,0.7442015,0.72213346
0.7850773,1.2511177,0.75026464,1.0076449,0.16261034,0.028566167,0.74135286,0.7210904
0.7833086,1.2432475,0.7508904,0.99933934,0.16244313,0.028387709,0.73709077,0.71810144
0.7804447,1.2408926,0.75287354,0.9990902,0.16200693,0.028293658,0.7337126,0.71762633
0.7762065,1.2377621,0.7519801,0.99242646,0.16178763,0.028206388,0.72992325,0.7154646
0.77206194,1.2339609,0.75112784,0.99056965,0.16156954,0.028129302,0.7272971,0.71330744
0.7682279,1.2338208,0.7487013,0.9893429,0.16168512,0.027979892,0.7249521,0.7120699
0.7665312,1.2347617,0.74816614,0.9885794,0.16130684,0.02785105,0.7237074,0.71155053
0.764811,1.2437062,0.74922866,0.9896247,0.16146979,0.027729614,0.72417474,0.7119333
0.76697874,1.243899,0.7501761,0.99099237,0.16139568,0.027567668,0.72545165,0.71224797
0.7679695,1.2426242,0.75131714,0.9918496,0.16132902,0.027506078,0.72901666,0.7134126
0.7679433,1.2405546,0.7511726,0.9870358,0.16100875,0.027425021,0.7279218,0.7119528
0.77060264,1.2369776,0.7522175,0.9886429,0.16101882,0.02733628,0.73003197,0.712929
0.76881635,1.2365739,0.75194263,0.9858082,0.16088153,0.027224226,0.7311381,0.7123835
0.76993877,1.2413082,0.75211924,0.9860764,0.16095331,0.027256858,0.7314042,0.71214306
0.76849616,1.2388119,0.751368,0.9848573,0.16094959,0.027287057,0.7295783,0.71045476
0.77045983,1.244856,0.75128376,0.9843306,0.16100185,0.027307102,0.73114485,0.7096627
0.7686728,1.2483616,0.74960905,0.9848068,0.1614079,0.027334243,0.7301794,0.7087952
0.76916045,1.2541134,0.7514209,0.9835947,0.16115084,0.027394973,0.7285355,0.7077145
0.7729812,1.2604647,0.7532744,0.98591834,0.16128185,0.027438384,0.730078,0.7104087
0.77376544,1.2602438,0.75488985,0.9851157,0.16112396,0.02737165,0.7319584,0.71109325
0.77570194,1.2634579,0.7562477,0.9855172,0.16118385,0.027344033,0.7327046,0.7122805
0.77191174,1.2589179,0.75463873,0.98325926,0.16110179,0.027302014,0.73202264,0.71044874
0.7712826,1.2591782,0.7582545,0.9833753,0.1612119,0.027341697,0.7314711,0.71125174
0.76945835,1.2590833,0.7583284,0.98683864,0.16129468,0.02739137,0.7333506,0.71272355
0.76739854,1.2556809,0.7603146,0.98252624,0.16133931,0.027354034,0.7339241,0.71082705
0.76539624,1.2566819,0.76263577,0.98149574,0.16125715,0.027325809,0.73364174,0.70989436
0.76627564,1.2579887,0.76420355,0.9804667,0.16109659,0.027308684,0.7341751,0.70852184
0.76641697,1.2609737,0.76399136,0.980406,0.16100125,0.0273075,0.7316782,0.70847565
0.76818067,1.2648319,0.76460475,0.9813149,0.1608172,0.027239896,0.73445773,0.70951164
0.7724576,1.263074,0.76591396,0.98240507,0.16092049,0.027161874,0.73605573,0.71045244
0.77247745,1.2660147,0.7645694,0.9826162,0.1606556,0.027040372,0.7371473,0.7103084
0.76994413,1.2511625,0.76080096,0.97618276,0.16043925,0.027160715,0.73208296,0.70621794
0.7641247,1.2441584,0.7578982,0.97307867,0.16017538,0.027296165,0.72663915,0.70394355
0.7628125,1.2447484,0.75911963,0.9724974,0.15993537,0.027400114,0.72573876,0.7029475
0.7599047,1.2443004,0.75843185,0.9702623,0.15994255,0.027360048,0.7232868,0.7021294
0.7604194,1.246429,0.7608161,0.9736481,0.1599535,0.027369864,0.7253474,0.7027806
